Read only,Read only,Read only,Read only,Read only,Read only,Read only,Can update,Can update,Read only
business_id,store_id,upc_id,sku_id,item_name,category_l1,category_l2,default_price,status,currency
"15299327","36902681","|5854637|","|10700021526|","Milk Duds Chocolate & Caramel Candy (5 oz)","Candy","Chocolate","1.99","Active","USD"
"15299327","36902681","|010700556899|","|10700556899|","Jolly Rancher Awesome Reds! Assorted Fruit Flavored Hard Candies Bag (13 oz)","Candy","Hard Candies","6.25","Active","USD"
"15299327","36902681","|010700557261|","|10700557261|","Jolly Rancher Blue Raspberry & Cherry Ropes Chewy Candy Bag (10 oz)","Candy","Fruity","4.75","Active","USD"
"15299327","36902681","|010700808530|","|10700808530|","Payday Snack Size Peanut Caramel Candy Bars (0.7 oz x 12 ct)","Candy","Hard Candies","4.25","Active","USD"
"15299327","36902681","|010700858788|","|10700858788|","Jolly Rancher Sour Gummies Assorted Flavor Candy (13 oz)","Candy","Gummy","6.25","Active","USD"
"15299327","36902681","|010700858832|","|10700858832|","Jolly Rancher Tropical Fruit Gummies Bag (13 oz)","Candy","Gummy","6.25","Active","USD"
"15299327","36902681","|012000002243|","|12000002243|","Mountain Dew Code Red with a Rush of Cherry Flavor Soda Bottle (20 fl oz)","Drinks","Soda","2.99","Active","USD"
"15299327","36902681","|012000028625|","|12000028625|","Mountain Dew Voltage Charged Raspberry Citrus & Ginseng Soda Bottle (20 fl oz)","Drinks","Soda","2.99","Active","USD"
"15299327","36902681","|012000110443|","|12000110443|","Mountain Dew Kickstart Energizing Orange Citrus Flavored Sparkling Drink Can (16 fl oz)","Drinks","Energy","1.75","Active","USD"
"15299327","36902681","|012000141430|","|12000141430|","Mountain Dew Kickstart Pineapple Orange & Mango Flavored Juice Energy Drink Can (12 fl oz)","Drinks","Energy","1.75","Active","USD"
"15299327","36902681","|012000221507|","|12000221507|","Starry Caffeine Free Lemon Lime Soda Bottles (16.9 fl oz x 6 ct)","Drinks","Other Drinks","6.69","Active","USD"
"15299327","36902681","|012000221637|","|12000221637|","Starry Zero Sugar Caffeine Free Lemon Lime Soda Cans (12 fl oz x 12 ct)","Drinks","Soda","9.99","Active","USD"
"15299327","36902681","|012000504051|","|12000504051|","Pepsi Cola Soda Bottles (16.9 fl oz x 6 ct)","Drinks","Soda","6.69","Active","USD"
"15299327","36902681","|8852921|","|12000813313|","Regular Chilled Coffee Drink (13.7 oz)","Drinks","Coffee","3.65","Active","USD"
"15299327","36902681","|4181986|","|1255906|","Pepsi Wild Cherry Flavor Soda Bottle (20 fl oz)","Drinks","Soda","2.50","Active","USD"
"15299327","36902681","|014100085478|","|14100085478|","Goldfish Cheddar Cheese Baked Snack Crackers (6.6 oz)","Snacks","Crackers","3.65","Active","USD"
"15299327","36902681","|016571910303|","|16571910303|","Talking Rain Sparkling Ice Zero Sugar Black Raspberry Flavored Sparkling Water Bottle (17 fl oz)","Drinks","Flavored Water","1.25","Active","USD"
"15299327","36902681","|016571910310|","|16571910310|","Talking Rain Sparkling Ice Zero Sugar Orange Mango Flavored Sparkling Water Bottle (17 fl oz)","Drinks","Other Drinks","1.25","Active","USD"
"15299327","36902681","|016571910327|","|16571910327|","Talking Rain Sparkling Ice Zero Sugar Kiwi Strawberry Flavored Water Bottle (17 fl oz)","Drinks","Flavored Water","1.25","Active","USD"
"15299327","36902681","|016571940355|","|16571940355|","Talking Rain Sparkling Ice Zero Sugar Classic Lemonade Flavored Sparkling Water Bottle (17 fl oz)","Drinks","Other Drinks","1.25","Active","USD"
"15299327","36902681","|019000170309|","|19000170309|","Life Savers Wint O Green Mints (50 oz)","Candy","Gum & Mints","1.99","Active","USD"
"15299327","36902681","|019320015441|","|19320015441|","Lorna Doone Shortbread Cookies Snack Pack (1.5 oz)","Snacks","Cookies","1.00","Active","USD"
"15299327","36902681","|021788916291|","|21788916291|","Lotus Biscoff Cookies (8.8 oz)","Snacks","Snack Mixes","3.50","Active","USD"
"15299327","36902681","|022000002785|","|22000002785|","Hubba Bubba Tangy Tropical Bubble Gum Tape (2 oz)","Candy","Gum & Mints","2.25","Active","USD"
"15299327","36902681","|022000004833|","|22000004833|","Orbit Sugar Free Sweet Mint Gum (14 ct)","Candy","Gum & Mints","1.89","Active","USD"
"15299327","36902681","|022000004864|","|22000004864|","Orbit Sugar Free Peppermint Chewing Gum Single Pack (14 ct)","Candy","Gum & Mints","1.89","Active","USD"
"15299327","36902681","|022000016935|","|22000016935|","Hubba Bubba Bubble Tape Sour Blue Raspberry Gum (2 oz)","Candy","Gum & Mints","2.25","Active","USD"
"15299327","36902681","|022000017871|","|22000017871|","Extra Sugar Free Spearmint Chewing Gum Sticks Mega Pack (35 ct)","Candy","Gum & Mints","5.25","Active","USD"
"15299327","36902681","|022000135377|","|22000135377|","Starburst FaveReds Grab N Go Fruit Mini Chewy Candy Bag (8 oz)","Candy","Fruity","3.89","Active","USD"
"15299327","36902681","|022000284242|","|22000284242|","Life Savers 5 Flavors Hard Candy (2.81 oz)","Candy","Hard Candies","2.00","Active","USD"
"15299327","36902681","|022000285300|","|22000285300|","Life Savers Collisions 2 Flavors in 1 Gummies (3.22 oz)","Candy","Gummy","2.00","Active","USD"
"15299327","36902681","|022000285942|","|22000285942|","Skittles Original Gummy Candy Bag (5.8 oz)","Candy","Gummy","2.99","Active","USD"
"15299327","36902681","|022000287311|","|22000287311|","Skittles Original Gummy Candy Sharing Size (12 oz)","Candy","Gummy","6.25","Active","USD"
"15299327","36902681","|022000287335|","|22000287335|","Skittles Wild Berry Gummy Candy Sharing Size (12 oz)","Candy","Gummy","6.25","Active","USD"
"15299327","36902681","|022000287359|","|22000287359|","Skittles Original Gummies Candy Bag (2.93 oz)","Candy","Gummy","1.99","Active","USD"
"15299327","36902681","|022000289681|","|22000289681|","Skittles Sour Gummies Sharing Size Chewy Candies Bag (12 oz)","Candy","Gummy","6.25","Active","USD"
"15299327","36902681","|022000294661|","|22000294661|","Skittles Littles Original Multiple Fruits Flavors Bite Size Soft Chewy Candies Bag (7.2 oz)","Candy","Fruity","3.29","Active","USD"
"15299327","36902681","|022000301284|","|22000301284|","Skittles Pop'd Sour Freeze Dried Candy (5.5 oz)","Candy","Hard Candies","7.25","Active","USD"
"15299327","36902681","|022110079806|","|22110079806|","Hubba Bubba Bubble Tape Awesome Original Gum (2 oz)","Candy","Fruity","2.25","Active","USD"
"15299327","36902681","|022000008916|","|2289106|","Extra Sugar Free Peppermint Chewing Gum Single Pack (15 pk)","Candy","Gum & Mints","2.25","Active","USD"
"15299327","36902681","|022000008985|","|2289805|","Extra Sugar Free Polar Ice Chewing Gum Sticks (15 ct)","Candy","Gum & Mints","1.98","Active","USD"
"15299327","36902681","|024100114412|","|24100114412|","Cheez-It Snap'd Thin & Crispy Baked Double Cheese Crackers Bag (7.5 oz)","Snacks","Snack Mixes","3.20","Active","USD"
"15299327","36902681","|024100705665|","|24100705665|","Cheez-It Baked Original Lunch Snack Crackers Box (7 oz)","Snacks","Crackers","4.49","Active","USD"
"15299327","36902681","|024300043109|","|24300043109|","Little Debbie Individually Wrapped Peanut Butter Creme Pies Sandwich Cookies Big Pack (18.6 oz)","Snacks","Cookies","5.00","Active","USD"
"15299327","36902681","|024300043314|","|24300043314|","Little Debbie Cosmic Brownies with Chocolate Chip Candy Big Pack (12 ct)","Snacks","Sweets","3.15","Active","USD"
"15299327","36902681","|025000061530|","|25000061530|","Minute Maid 100% Orange Juice Drink Bottle with Vitamin C (12 fl oz)","Drinks","Juice","2.19","Active","USD"
"15299327","36902681","|025600085059|","|2560008505|","Tastykake Cinnamon Mini Donuts (10 oz)","Snacks","Sweets","4.25","Active","USD"
"15299327","36902681","|027800063943|","|27800063943|","Keebler Coconut Dreams Cookies (8.5 oz)","Snacks","Cookies","4.00","Active","USD"
"15299327","36902681","|027800065701|","|27800065701|","Keebler Fudge Stripes Original Shortbread Coated Cookies (11.5 oz)","Snacks","Cookies","5.00","Active","USD"
"15299327","36902681","|027800067781|","|27800067781|","Keebler Chips Deluxe M&M's Cookies Family Size (14.6 oz)","Snacks","Cookies","5.99","Active","USD"
"15299327","36902681","|027800067941|","|27800067941|","Keebler Chips Deluxe x M&M's Chocolate Chip Cookies (9.75 oz)","Snacks","Cookies","4.50","Active","USD"
"15299327","36902681","|028000131708|","|28000131708|","Nestle Crunch Milk Chocolate Candy Bar Full Size (1.55 oz)","Candy","Chocolate","1.99","Active","USD"
"15299327","36902681","|028400000222|","|28400000222|","Fritos Mild Cheddar Cheese Dip (9 oz)","Snacks","Salsa & Dips","5.00","Active","USD"
"15299327","36902681","|028400000246|","|28400000246|","Fritos Jalapeno Cheddar Flavored Cheese Dip (9 oz)","Snacks","Salsa & Dips","5.00","Active","USD"
"15299327","36902681","|028400000789|","|28400000789|","Fritos Original Flavor Bean Dip (9 oz)","Snacks","Salsa & Dips","5.00","Active","USD"
"15299327","36902681","|1973572|","|28400012546|","Miss Vickie's Sea Salt and Vinegar Kettle Chips (1.38 oz)","Snacks","Chips","5.29","Active","USD"
"15299327","36902681","|028400034227|","|28400034227|","Nut Harvest Sea Salted Whole Cashews (2.25 oz)","Snacks","Nuts & Seeds","3.09","Active","USD"
"15299327","36902681","|028400043014|","|28400043014|","Chester's Fries Flamin' Hot Flavored Corn Snacks (1.75 oz)","Snacks","Snack Mixes","0.75","Active","USD"
"15299327","36902681","|028400055987|","|28400055987|","Tostitos Chunky Medium Salsa (15.5 oz)","Snacks","Salsa & Dips","5.00","Active","USD"
"15299327","36902681","|028400070942|","|28400070942|","Lay's French Onion Dip (15 oz)","Snacks","Salsa & Dips","5.00","Active","USD"
"15299327","36902681","|028400070959|","|28400070959|","Lay's Smooth Ranch Dip (15 oz)","Snacks","Salsa & Dips","5.00","Active","USD"
"15299327","36902681","|028400070980|","|28400070980|","Tostitos Medium Con Queso Flavored Salsa Dip (15 oz)","Snacks","Salsa & Dips","5.00","Active","USD"
"15299327","36902681","|028400084048|","|28400084048|","Munchies Cheese Fix Flavored Snack Mix (8 oz)","Snacks","Snack Mixes","3.99","Active","USD"
"15299327","36902681","|028400084055|","|28400084055|","Munchies Flamin' Hot Flavored Snack Mix (8 oz)","Snacks","Snack Mixes","3.99","Active","USD"
"15299327","36902681","|028400199544|","|28400199544|","Lay's Wavy Original Potato Chips (8 oz)","Snacks","Chips","4.99","Active","USD"
"15299327","36902681","|028400199636|","|28400199636|","Lay's Sour Cream & Onion Flavored Potato Chips (7.75 oz)","Snacks","Snack Mixes","4.99","Active","USD"
"15299327","36902681","|028400200608|","|28400200608|","Lay's Salt & Vinegar Flavored Potato Chips (7.75 oz)","Snacks","Chips","4.99","Active","USD"
"15299327","36902681","|028400200615|","|28400200615|","Lay's Wavy Hickory BBQ Potato Chips (7.75 oz)","Snacks","Chips","4.99","Active","USD"
"15299327","36902681","|028400200684|","|28400200684|","Lay's Honey Barbecue Flavored Potato Chips (7.75 oz)","Snacks","Chips","4.99","Active","USD"
"15299327","36902681","|028400201285|","|28400201285|","Lay's Dill Pickle Flavored Potato Chips (7.75 oz)","Snacks","Chips","4.99","Active","USD"
"15299327","36902681","|028400201292|","|28400201292|","Lay's Sweet Southern Heat BBQ Flavored Potato Chips (7.75 oz)","Snacks","Chips","4.99","Active","USD"
"15299327","36902681","|028400240185|","|28400240185|","Funyuns Regular Onion Flavored Rings (6 oz)","Snacks","Snack Mixes","2.69","Active","USD"
"15299327","36902681","|028400259552|","|28400259552|","Grandma's Soft Baked Goodness Peanut Butter Cookies (2.88 oz)","Snacks","Snack Mixes","2.09","Active","USD"
"15299327","36902681","|028400314015|","|28400314015|","Smartfood Gluten-Free White Cheddar Flavored Popcorn (6.75 oz)","Snacks","Popcorn","5.19","Active","USD"
"15299327","36902681","|028400324434|","|2840032443|","Ruffles Queso Cheese Flavored Potato Chips (2.5 oz)","Snacks","Chips","2.69","Active","USD"
"15299327","36902681","|028400324472|","|2840032447|","Ruffles Flamin' Hot Flavored Potato Chips (2.5 oz)","Snacks","Chips","2.69","Active","USD"
"15299327","36902681","|028400325042|","|2840032504|","Doritos Cool Ranch Flavored Tortilla Chips (2.75 oz)","Snacks","Chips","2.69","Active","USD"
"15299327","36902681","|028400325059|","|28400325059|","Doritos Nacho Cheese Flavored Tortilla Chips (2.75 oz)","Snacks","Chips","2.69","Active","USD"
"15299327","36902681","|028400325080|","|2840032508|","Doritos Spicy Nacho Flavored Tortilla Chips (2.75 oz)","Snacks","Snack Mixes","2.69","Active","USD"
"15299327","36902681","|028400325165|","|2840032516|","Doritos Flamas Flavored Tortilla Chips (2.75 oz)","Snacks","Snack Mixes","2.69","Active","USD"
"15299327","36902681","|028400325226|","|2840032522|","Doritos Flamin Hot Nacho Flavored Tortilla Chips (2.75 oz)","Snacks","Chips","2.69","Active","USD"
"15299327","36902681","|028400329484|","|2840032948|","Cheetos Crunchy Cheddar Jalapeno Cheese Flavored Snacks (3.25 oz)","Snacks","Chips","2.69","Active","USD"
"15299327","36902681","|028400331609|","|2840033160|","Funyuns Flamin' Hot Onion Flavored Rings (2.13 oz)","Snacks","Chips","2.69","Active","USD"
"15299327","36902681","|028400372190|","|28400372190|","Lay's Kettle Cooked Original Potato Chips (8 oz)","Snacks","Chips","4.99","Active","USD"
"15299327","36902681","|1586757|","|2840051573|","Ruffles Flamin' BBQ Flavored Potato Chips (8 oz)","Snacks","Chips","5.99","Active","USD"
"15299327","36902681","|028400515887|","|2840051588|","Ruffles Flamin' Hot BBQ Potato Chips (8 oz)","Snacks","Chips","5.99","Active","USD"
"15299327","36902681","|028400516471|","|2840051647|","Doritos Spicy Nacho Flavored Tortilla Chips (9.25 oz)","Snacks","Chips","6.29","Active","USD"
"15299327","36902681","|028400516686|","|2840051668|","Ruffles Original Potato Chips (8.5 oz)","Snacks","Chips","5.99","Active","USD"
"15299327","36902681","|028400589277|","|28400589277|","Fritos Twists Honey BBQ Flavored Corn Snacks (9.24 oz)","Snacks","Snack Mixes","5.89","Active","USD"
"15299327","36902681","|028400595865|","|28400595865|","Doritos Spicy Sweet Chili Tortilla Chips (10 oz)","Snacks","Chips","6.29","Active","USD"
"15299327","36902681","|028400742443|","|28400742443|","Cheetos Puffs Cheese Flavored Snacks (2.63 oz)","Snacks","Snack Mixes","2.69","Active","USD"
"15299327","36902681","|028400761918|","|28400761918|","Lay's Poppables Sea Salt Sweet Potato Snacks (5 oz)","Snacks","Snack Mixes","4.99","Active","USD"
"15299327","36902681","|028400767125|","|2840076712|","Lay's All Dressed Flavored Potato Chips (2.5 oz)","Snacks","Chips","4.99","Active","USD"
"15299327","36902681","|028400767217|","|28400767217|","Chester's Fries Honey BBQ Flavored Potato Crisps (4.25 oz)","Snacks","Chips","2.99","Active","USD"
"15299327","36902681","|028400768764|","|28400768764|","Lay's Flamin Hot Flavored Potato Chips (2.5 oz)","Snacks","Chips","2.69","Active","USD"
"15299327","36902681","|028400769075|","|28400769075|","Ruffles Cheddar & Sour Cream Flavored Potato Chips (2.25 oz)","Snacks","Chips","2.69","Active","USD"
"15299327","36902681","|9994725|","|28400769204|","Cheetos Xxtra Flamin' Hot Crunchy Chips (7.8 oz)","Snacks","Chips","2.69","Active","USD"
"15299327","36902681","|028400000567|","|2845637|","Lay's Creamy Ranch Dip (3.7 oz)","Pantry","Baking","1.39","Active","USD"
"15299327","36902681","|27800063165|","|30100033196|","Keebler Fudge Stripes Chocolate Cookies (56 g × 5 ct)","Snacks","Cookies","1.00","Active","USD"
"15299327","36902681","|5659399|","|30100100577|","Club Original Crackers (388 g)","Snacks","Crackers","5.50","Active","USD"
"15299327","36902681","|8788287|","|32134285053|","Warheads Wedgies Chewy Candy (3.5 oz)","Snacks","Gummy Candy","1.89","Active","USD"
"15299327","36902681","|1677700|","|34000018701|","Hershey's Nuggets with Almonds Chocolate Candy (10.1 oz)","Snacks","Chocolate","6.99","Active","USD"
"15299327","36902681","|034000018758|","|34000018758|","Hershey's Nuggets Extra Creamy Milk Chocolate with Toffee and Almonds Candy Share Size (10.2 oz)","Candy","Chocolate","6.99","Active","USD"
"15299327","36902681","|034000040476|","|34000040476|","Cadbury Dairy Milk Caramello & Creamy Caramel Milk Chocolate Bar (4 oz)","Candy","Chocolate","3.49","Active","USD"
"15299327","36902681","|9401384|","|34000088034|","Kit Kat Milk Chocolate Wafer Snack Size Candy (0.49 oz × 12 ct)","Snacks","Chocolate","4.25","Active","USD"
"15299327","36902681","|034000093519|","|34000093519|","Hershey's Milk Chocolate with Almonds Snack Size Bag (10.35 oz)","Candy","Chocolate","6.99","Active","USD"
"15299327","36902681","|034000110322|","|34000110322|","Hershey's Hugs Milk Chocolate and White Creme Candies (10.6 oz)","Candy","Chocolate","6.99","Active","USD"
"15299327","36902681","|034000140589|","|34000140589|","Hershey's Kisses Milk Chocolate Candy Share Pack (10.8 oz)","Candy","Chocolate","6.99","Active","USD"
"15299327","36902681","|034000142200|","|34000142200|","Hershey's Kisses Pokemon Special Edition Milk Chocolate Share Pack (10.1 oz)","Candy","Chocolate","6.99","Active","USD"
"15299327","36902681","|034000170388|","|34000170388|","HERSHEY'S Milk Chocolate XL Candy Bar (4.4 oz)","Candy","Chocolate","3.55","Active","USD"
"15299327","36902681","|034000173150|","|34000173150|","Mr Goodbar XL Chocolate Candy Bar with Peanuts (4.4 oz)","Candy","Chocolate","3.40","Active","USD"
"15299327","36902681","|034000174140|","|34000174140|","Hershey's Special Dark Mildly Sweet Chocolate Bars Extra Large (4.25 oz)","Candy","Chocolate","3.55","Active","USD"
"15299327","36902681","|034000175147|","|34000175147|","Hershey's Symphony Creamy Milk Chocolate Extra Large Bar (4.25 oz)","Candy","Chocolate","3.40","Active","USD"
"15299327","36902681","|00034000176229|","|34000176229|","Kit Kat Milk Chocolate Wafer XL Bar (4.3 oz)","Candy","Chocolate","3.29","Active","USD"
"15299327","36902681","|034000177141|","|34000177141|","Hershey's Symphony Extra Creamy Almonds & Toffee Milk Chocolate Extra Large Candy Bar (4.25 oz)","Candy","Chocolate","3.40","Active","USD"
"15299327","36902681","|034000214907|","|34000214907|","Hershey's Miniatures Assorted Chocolate Candy Share Pack (10.4 oz)","Candy","Chocolate","6.99","Active","USD"
"15299327","36902681","|034000228881|","|34000228881|","Kit Kat Milk Chocolate Wafer Bars King Size (3 oz x 4 ct)","Candy","Chocolate","10.00","Active","USD"
"15299327","36902681","|034000243075|","|34000243075|","Hershey's Mr Goodbar Miniatures Chocolate with Peanuts Candy Bars (2.7 oz)","Candy","Chocolate","1.99","Active","USD"
"15299327","36902681","|034000293056|","|34000293056|","Hershey's Mr Goodbar Chocolate & Peanuts Candy Bars Full Size (1.75 oz x 6 ct)","Candy","Chocolate","10.00","Active","USD"
"15299327","36902681","|034000379248|","|34000379248|","Rolo Rich Minis Chewy Chocolate Caramel Candy Share Pack (10.6 oz)","Candy","Chocolate","5.79","Active","USD"
"15299327","36902681","|034000432271|","|34000432271|","Reese's Miniature Milk Chocolate Peanut Butter Cups Candy Share Pack (10.5 oz)","Candy","Chocolate","6.99","Active","USD"
"15299327","36902681","|34000446711|","|34000446711|","Reese's Miniatures Peanut Butter Cups Milk Chocolate (2.48 oz)","Candy","Chocolate","1.99","Active","USD"
"15299327","36902681","|00034000454983|","|34000454983|","Hershey's Almonds & Salted Pretzels Milk Chocolate Candy Bag (6 oz)","Candy","Chocolate","6.99","Active","USD"
"15299327","36902681","|034000458110|","|34000458110|","Reese's x Oreo Milk Chocolate & White Creme Peanut Butter Cups Miniatures Share Pack (9 oz)","Candy","Chocolate","6.99","Active","USD"
"15299327","36902681","|034000459698|","|34000459698|","Hershey's Milk Chocolate Snack Size Bag (10.35 oz)","Candy","Chocolate","6.99","Active","USD"
"15299327","36902681","|034000460601|","|34000460601|","Reese's Thins Milk Chocolate & Peanut Butter Cups Share Pack (7.37 oz)","Candy","Chocolate","6.99","Active","USD"
"15299327","36902681","|034000490639|","|34000490639|","Reese's Thins White Creme Peanut Butter Cups Share Pack (7.37 oz)","Candy","Chocolate","6.99","Active","USD"
"15299327","36902681","|034000560028|","|34000560028|","Twizzlers Low Fat Twists Strawberry Licorice Candy Bag (16 oz)","Candy","Fruity","3.25","Active","USD"
"15299327","36902681","|034000939343|","|34000939343|","Cadbury CARAMELLO Miniatures Milk Chocolate & Creamy Caramel Candies Share Pack (8 oz)","Candy","Chocolate","6.97","Active","USD"
"15299327","36902681","|034000940196|","|34000940196|","Hershey's Kisses Cookies 'n' Creme Candy Bag (2.2 oz)","Candy","Chocolate","1.55","Active","USD"
"15299327","36902681","|00034000945207|","|34000945207|","Hershey's Kisses Share Pack Strawberry Ice Cream Cone Candies (9 oz)","Candy","Chocolate","6.99","Active","USD"
"15299327","36902681","|00034000995158|","|34000995158|","Reese's Pieces Peanut Butter Candy Bag (9 oz)","Candy","Chocolate","6.99","Active","USD"
"15299327","36902681","|034000996629|","|34000996629|","Kit Kat Unwrapped Crisp Wafers Milk Chocolate Mini Candy Bag (7.6 oz)","Candy","Chocolate","6.99","Active","USD"
"15299327","36902681","|034000002399|","|3423909|","Hershey's Cookies 'n' Creme Candy Bar (1.55 oz)","Candy","Chocolate","1.99","Active","USD"
"15299327","36902681","|034000002405|","|3424005|","Hershey's Milk Chocolate Candy Bar (1.55 oz)","Candy","Chocolate","1.99","Active","USD"
"15299327","36902681","|034000002467|","|3424607|","Kit Kat Crisp Wafers in Milk Chocolate Candy Bar (1.5 oz)","Candy","Chocolate","1.99","Active","USD"
"15299327","36902681","|034000004409|","|3444009|","Reese's Gluten Free Milk Chocolate Peanut Butter Cups Candy Pack (1.5 oz)","Candy","Chocolate","1.99","Active","USD"
"15299327","36902681","|034000008438|","|3484308|","Ice Breakers Sugar Free Ice Cubes Peppermint Gum Canister (40 ct)","Candy","Gum & Mints","5.25","Active","USD"
"15299327","36902681","|034856028918|","|34856028918|","Welch's Island Fruit Snacks (2.25 oz)","Snacks","Sweets","1.99","Active","USD"
"15299327","36902681","|034856028925|","|34856028925|","Welch’s Fruit Snacks Berries 'N Cherries Fruit Snacks (2.25 oz)","Snacks","Sweets","1.99","Active","USD"
"15299327","36902681","|034856028987|","|34856028987|","Welch’s Fruit Snacks Mixed Fruit Snacks (2.25 oz)","Snacks","Sweets","1.99","Active","USD"
"15299327","36902681","|037466017631|","|37466017631|","Lindt Excellence 70% Cocoa Dark Chocolate Candy Bar (3.5 oz)","Candy","Fruity","5.25","Active","USD"
"15299327","36902681","|038000138577|","|38000138577|","Pringles Cheddar Cheese Potato Crisp Chips Can (5.5 oz)","Snacks","Snack Mixes","2.99","Active","USD"
"15299327","36902681","|038000138607|","|38000138607|","Pringles Crisp On-The-Go Salt & Vinegar Potato Chips Snacks Can (5.5 oz)","Snacks","Chips","2.99","Active","USD"
"15299327","36902681","|038000138720|","|38000138720|","Pringles Ranch Flavored Potato Chips (5.5 oz)","Snacks","Snack Mixes","2.99","Active","USD"
"15299327","36902681","|038000138973|","|38000138973|","Pringles Cheddar & Sour Cream Potato Crisps Chips Can (5.5 oz)","Snacks","Chips","2.99","Active","USD"
"15299327","36902681","|038000183713|","|38000183713|","Pringles BBQ Flavored Potato Crisps Chips Can (5.5 oz)","Snacks","Snack Mixes","2.99","Active","USD"
"15299327","36902681","|1373145|","|38000310300|","Pop Tarts Frosted Blueberry Breakfast Pastries (3.52 oz × 6 ct)","Pantry","Dry Cereal","4.25","Active","USD"
"15299327","36902681","|040000000327|","|40000000327|","M&M's Peanut Milk Chocolate Candy Pouch Full Size (1.74 oz)","Candy","Chocolate","1.99","Active","USD"
"15299327","36902681","|040000000518|","|40000000518|","Starburst Original Fruit Chews Candy Full Size (2.07 oz)","Candy","Fruity","1.89","Active","USD"
"15299327","36902681","|040000001607|","|40000001607|","Skittles Original Chewy Candy Bag Full Size (2.17 oz)","Candy","Fruity","1.50","Active","USD"
"15299327","36902681","|040000001621|","|40000001621|","Skittles Wild Berry Chewy Candy Full Size (2.17 oz)","Candy","Fruity","1.50","Active","USD"
"15299327","36902681","|040000004356|","|40000004356|","TWIX Caramel Milk Chocolate Cookie Candy Bars Full Size (1.79 oz)","Candy","Chocolate","1.99","Active","USD"
"15299327","36902681","|040000422068|","|40000422068|","Milky Way Milk Chocolate Candy Bar Full Size (1.84 oz)","Candy","Chocolate","1.99","Active","USD"
"15299327","36902681","|040000424314|","|40000424314|","Snickers Peanuts Caramel & Nougat Chocolate Candy Bar Full Size (1.86 oz)","Candy","Chocolate","1.99","Active","USD"
"15299327","36902681","|040000443100|","|40000443100|","Milky Way Chocolate Candy Bars (1.84 oz x 6 ct)","Candy","Chocolate","9.00","Active","USD"
"15299327","36902681","|040000497547|","|40000497547|","M&M's Peanut Milk Chocolate Candy Theater Box (3.1 oz)","Candy","Chocolate","1.99","Active","USD"
"15299327","36902681","|040000497561|","|40000497561|","M&M's Peanut Butter Chocolate Candy Theater Box (3 oz)","Candy","Chocolate","1.99","Active","USD"
"15299327","36902681","|040000565079|","|40000565079|","Snickers Minis Chocolate Bars Bag (2.48 oz)","Candy","Chocolate","1.99","Active","USD"
"15299327","36902681","|040000565116|","|40000565116|","3 Musketeers Milk Chocolate Candy Bars Fun Size (2.64 oz)","Candy","Chocolate","1.99","Active","USD"
"15299327","36902681","|040000017318|","|40000565154|","Twix Caramel & Milk Chocolate Minis Candy Bars Bag (2.43 oz)","Candy","Fruity","1.99","Active","USD"
"15299327","36902681","|040000565192|","|40000565192|","Milky Way Minis Caramel Chocolate Candies (2.64 oz)","Candy","Chocolate","1.99","Active","USD"
"15299327","36902681","|040000579793|","|40000579793|","M&M's Milk Chocolate Candy Bag Share Size (10 oz)","Candy","Chocolate","6.99","Active","USD"
"15299327","36902681","|040000580041|","|40000580041|","M&M's Dark Chocolate & Peanut Candies Bag Sharing Size (9.4 oz)","Candy","Chocolate","6.99","Active","USD"
"15299327","36902681","|040000592846|","|40000592846|","M&M's Mega Peanut Butter Chocolate Candies Sharing Size (8.6 oz)","Candy","Chocolate","6.99","Active","USD"
"15299327","36902681","|5109518|","|40000596882|","Snickers Regular Chocolate Bar (5.2 oz)","Candy","Chocolate","4.00","Active","USD"
"15299327","36902681","|040000597612|","|40000597612|","Dove Promises Individually Wrapped Milk Chocolate Candy Large Bag (14.08 oz)","Candy","Chocolate","9.99","Active","USD"
"15299327","36902681","|040000610472|","|40000610472|","M&M's Honey Roasted Peanut Chocolate Candy Resealable Bag (9 oz)","Candy","Chocolate","6.99","Active","USD"
"15299327","36902681","|7692192|","|40004975610|","M&M's Peanut Butter Chocolate Candy Theater Box (3 oz)","Candy","Chocolate","1.99","Active","USD"
"15299327","36902681","|9833850|","|4026606|","SKITTLES Sour Chewy Candies Bag Bite Size (1.8 oz)","Candy","Fruity","1.50","Active","USD"
"15299327","36902681","|041186172150|","|41186172150|","Andes Chocolate Covered Mint Thins Bag (8.5 oz)","Candy","Chocolate","4.99","Active","USD"
"15299327","36902681","|041364084985|","|41364084985|","Sour Punch Bites Gummies with Assorted Flavors (3.7 oz)","Candy","Gummy","1.99","Active","USD"
"15299327","36902681","|041376102325|","|41376102325|","SpongeBob SquarePants Krabby Patties Gummy Candy Box (2.54 oz)","Candy","Gummy","1.89","Active","USD"
"15299327","36902681","|1289206|","|41396095195|","Sour Dudes Rainbow Berry Sour Belts Chewy Gummy Candy (5 oz)","Snacks","Gummy Candy","1.99","Active","USD"
"15299327","36902681","|041420016233|","|41420016233|","Trolli Sour Brite Crawlers Assorted Flavors Gummi Candy (7.2 oz)","Candy","Gummy","3.25","Active","USD"
"15299327","36902681","|041420045141|","|41420045141|","Trolli Sour Brite Crawlers Gummi Candy Family Size (14 oz)","Candy","Gummy","5.25","Active","USD"
"15299327","36902681","|041420048548|","|41420048548|","Nerds Rainbow Crunchy & Gummy Clusters Candy (8 oz)","Candy","Gummy","4.99","Active","USD"
"15299327","36902681","|041420069895|","|41420069895|","Trolli Sour Brite Crawlers Very Berry Gummies (3.4 oz)","Candy","Gummy","1.99","Active","USD"
"15299327","36902681","|041420069987|","|41420069987|","Trolli Sour Brite Crawlers Gummi Candy (3.4 oz)","Candy","Gummy","1.99","Active","USD"
"15299327","36902681","|041420070006|","|41420070006|","Trolli Octopus Sour Brite Gummi Candy (3 oz)","Candy","Gummy","1.89","Active","USD"
"15299327","36902681","|041420084584|","|41420084584|","Trolli Sour Brite Squad Gummies Stand Up Bag (12.3 oz)","Candy","Gummy","5.25","Active","USD"
"15299327","36902681","|041548001852|","|41548001852|","Edy's Vanilla Ice Cream (1.5 qt)","Frozen","Ice Cream","6.99","Active","USD"
"15299327","36902681","|041548034867|","|41548034867|","Edy's Slow Churned Light Butter Pecan Ice Cream (1.5 qt)","Frozen","Bread & Dough","6.99","Active","USD"
"15299327","36902681","|041548047850|","|41548047850|","Edy's Dreyer's Cookies & Cream Ice Cream (1.5 qt)","Frozen","Ice Cream","6.99","Active","USD"
"15299327","36902681","|042238302211|","|42238302211|","Haribo Goldbears Gummi Candy (5 oz)","Candy","Gummy","1.99","Active","USD"
"15299327","36902681","|042238340930|","|42238340930|","Haribo Twin Snakes Sweet & Sour Gummy Candy (4 oz)","Candy","Gummy","1.99","Active","USD"
"15299327","36902681","|00042238380066|","|42238380066|","Haribo Peaches Gummi Candy (4 oz)","Candy","Gummy","1.99","Active","USD"
"15299327","36902681","|00042238723306|","|42238723306|","Haribo Watermelon Gummi Candy (3.1 oz)","Candy","Gummy","1.99","Active","USD"
"15299327","36902681","|9147642|","|42238750012|","Haribo Sour Streamers Gummy Candy (4.5 oz)","Candy","Gummy","1.99","Active","USD"
"15299327","36902681","|043000028254|","|43000028254|","Kool-Aid Jammers Tropical Punch Flavored Juice Drink Pouches (6 fl oz x 10 ct)","Drinks","Juice","3.99","Active","USD"
"15299327","36902681","|043000028285|","|43000028285|","Kool Aid Jammers Grape Flavored Juice Drink Pouches (6 fl oz x 10 ct)","Drinks","Juice","3.99","Active","USD"
"15299327","36902681","|044000004637|","|44000004637|","Honey Maid Graham Crackers Lunch Snacks (14.4 oz)","Snacks","Crackers","6.25","Active","USD"
"15299327","36902681","|044000007133|","|44000007133|","Mini Chips Ahoy! Original Chocolate Chip Cookies Snak-Saks (8 oz)","Snacks","Cookies","3.50","Active","USD"
"15299327","36902681","|044000007461|","|44000007461|","Barnums Snak Saks! Animals Crackers (8 oz)","Snacks","Crackers","3.50","Active","USD"
"15299327","36902681","|044000011703|","|44000011703|","Oreo Mini Chocolate Sandwich Cookies (1.5 oz)","Snacks","Cookies","1.00","Active","USD"
"15299327","36902681","|044000028299|","|44000028299|","BelVita Crunchy Blueberry Breakfast Biscuits (1.76 oz x 5 ct)","Snacks","Cookies","4.99","Active","USD"
"15299327","36902681","|044000029913|","|44000029913|","Chips Ahoy! Reese's Chewy Peanut Butter Cup Chocolate Chip Cookies (9.5 oz)","Snacks","Cookies","5.00","Active","USD"
"15299327","36902681","|044000032197|","|44000032197|","Chips Ahoy! Original Chocolate Chip Cookies (13 oz)","Snacks","Cookies","5.50","Active","USD"
"15299327","36902681","|044000033385|","|44000033385|","Chips Ahoy! Original Chocolate Chip Cookies Family Size (18.2 oz)","Snacks","Cookies","6.50","Active","USD"
"15299327","36902681","|044000037451|","|44000037451|","Nutter Peanut Butter Sandwich Cookies (1.9 oz)","Snacks","Cookies","1.25","Active","USD"
"15299327","36902681","|044000047009|","|44000047009|","Oreo Original Chocolate Sandwich Cookies Snack Pack (2.4 oz)","Snacks","Cookies","1.25","Active","USD"
"15299327","36902681","|044000060138|","|44000060138|","Oreo Double Stuf Chocolate Sandwich Cookies (14.03 oz)","Snacks","Cookies","5.25","Active","USD"
"15299327","36902681","|044000060251|","|44000060251|","Oreo Double Stuf Chocolate Sandwich Cookies Family Size (18.71 oz)","Snacks","Cookies","6.25","Active","USD"
"15299327","36902681","|044000060626|","|44000060626|","Oreo Thins Chocolate Sandwich Cookies (9.21 oz)","Snacks","Cookies","5.00","Active","USD"
"15299327","36902681","|044000077884|","|44000077884|","Oreo Thins Mint Creme Chocolate Sandwich Cookies (9.21 oz)","Snacks","Cookies","5.00","Active","USD"
"15299327","36902681","|046100354032|","|46100354032|","Sargento x Ritz Balanced Breaks Pepper Jack & Colby-Jack Cheese & Crackers Kit (1.5 oz x 3 ct)","Snacks","Snack Mixes","2.29","Active","USD"
"15299327","36902681","|047677000513|","|47677000513|","Snickers Chocolatey Caramel & Peanut Butter Ice Cream Bars Box (6 ct)","Frozen","Novelty","6.49","Active","USD"
"15299327","36902681","|047677001510|","|47677001510|","Snickers Chocolatey Caramel Peanut Butter Ice Cream Bar (2 oz)","Frozen","Novelty","2.00","Active","USD"
"15299327","36902681","|047677484214|","|47677484214|","M&M's Reduced Fat Chocolate Ice Cream Cookie Sandwiches 4 ct (4 oz)","Frozen","Novelty","7.99","Active","USD"
"15299327","36902681","|048500017777|","|48500017777|","Tropicana Pure Premium Calcium & Vitamin D Some Pulp 100% Orange Juice Bottle (12 fl oz)","Drinks","Juice","2.50","Active","USD"
"15299327","36902681","|048500017814|","|48500017814|","Tropicana Cranberry Juice Cocktail Bottle (12 fl oz)","Drinks","Juice","2.50","Active","USD"
"15299327","36902681","|048500206553|","|48500206553|","Tropicana Classic Lemonade Bottle (11 fl oz)","Drinks","Juice","2.50","Active","USD"
"15299327","36902681","|049000019162|","|49000019162|","Fanta Orange Fruit Flavored Soda Bottle (20 fl oz)","Drinks","Soda","2.99","Active","USD"
"15299327","36902681","|049000029338|","|49000029338|","Coke Caffeine Free Soda Cans Fridge Pack (12 fl oz x 12 ct)","Drinks","Soda","9.99","Active","USD"
"15299327","36902681","|049000031034|","|49000031034|","Cherry Coke Soda Cans Fridge Pack (12 fl oz x 12 ct)","Drinks","Other Drinks","9.99","Active","USD"
"15299327","36902681","|8882092|","|49000047516|","Coca-Cola Zero Cherry Flavored Soda (12 fl oz × 12 ct)","Drinks & Mixers","Soda","9.99","Active","USD"
"15299327","36902681","|049000060904|","|49000060904|","Coke Zero Sugar Caffeine-Free Soda Cans Fridge Pack (12 fl oz x 12 ct)","Drinks","Soda","9.99","Active","USD"
"15299327","36902681","|049000558739|","|4900055873|","Coke Zero Orange Cream Soda Bottle (20 fl oz)","Drinks","Soda","2.99","Active","USD"
"15299327","36902681","|049000558739|","|49000558739|","Coke Zero Orange Cream Soda Bottle (20 fl oz)","Drinks","Soda","2.99","Active","USD"
"15299327","36902681","|049000558845|","|49000558845|","Coke Orange Cream Soda Cans Fridge Pack (12 fl oz x 12 ct)","Drinks","Soda","9.99","Active","USD"
"15299327","36902681","|3133215|","|49000559620|","Powerade Sour Cherry Kicker Sports Drink (20 fl oz)","Drinks & Mixers","Sports Drinks","2.00","Active","USD"
"15299327","36902681","|1532171|","|49000559637|","Powerade Xtra Sour Grape Shocker (28 fl oz)","Drinks","Sports","2.00","Active","USD"
"15299327","36902681","|049000000450|","|4904500|","Diet Coke Soda Bottle (20 fl oz)","Drinks","Soda","2.99","Active","USD"
"15299327","36902681","|050255019005|","|50255019005|","Ritter Sport Milk Chocolate with Whole Hazelnuts Candy Bar (3.5 oz)","Candy","Chocolate","4.25","Active","USD"
"15299327","36902681","|050255025006|","|50255025006|","Ritter Sport Dark Chocolate with Marzipan Filling (3.5 oz)","Candy","Chocolate","4.25","Active","USD"
"15299327","36902681","|050255224003|","|50255224003|","Ritter Sport Whole Hazelnut Dark Chocolate Bar (3.5 oz)","Candy","Chocolate","4.25","Active","USD"
"15299327","36902681","|00050255237003|","|50255237003|","Ritter Sport Milk Chocolate with Strawberry Creme (3.5 oz)","Candy","Chocolate","4.25","Active","USD"
"15299327","36902681","|050255271007|","|50255271007|","RITTER SPORT Crunchy Salted Caramel Milk Chocolate (3.5 oz)","Candy","Chocolate","4.25","Active","USD"
"15299327","36902681","|052000042146|","|52000042146|","Gatorade G Zero Thirst Quencher Glacier Cherry Sports Drink Bottle (20 fl oz)","Drinks","Other Drinks","2.50","Active","USD"
"15299327","36902681","|052000135138|","|52000135138|","Gatorade Thirst Quencher Fruit Punch Natural Flavor Sports Drink Bottle (28 fl oz)","Drinks","Sports","2.99","Active","USD"
"15299327","36902681","|052000135176|","|52000135176|","Gatorade Thirst Quencher Cool Blue Sports Drink Bottle (28 fl oz)","Drinks","Sports","2.99","Active","USD"
"15299327","36902681","|052000324815|","|52000324815|","Gatorade Cool Blue Thirst Quencher Sports Drink Bottle (20 fl oz)","Drinks","Sports","2.50","Active","USD"
"15299327","36902681","|052000328684|","|52000328684|","Gatorade Thirst Quencher Lemon Lime Sports Drink Bottle (20 fl oz)","Drinks","Sports","2.50","Active","USD"
"15299327","36902681","|610764017840|","|610764017840|","Bang Any Means Orange Energy Drink Can (16 fl oz)","Drinks","Energy","3.19","Active","USD"
"15299327","36902681","|610764863775|","|610764863775|","Bang Black Cherry Vanilla Flavor Energy Drink Can (16 fl oz)","Drinks","Energy","3.19","Active","USD"
"15299327","36902681","|611269001303|","|611269001303|","Red Bull Caffeine 114 mg The Amber Edition Strawberry Apricot Energy Drink Can (12 fl oz)","Drinks","Energy","3.00","Active","USD"
"15299327","36902681","|2189917|","|611269001921|","Red Bull Curuba Elderflower Energy Drink Can (12 fl oz)","Drinks","Energy","3.00","Active","USD"
"15299327","36902681","|611269002263|","|611269002263|","Red Bull The Sea Blue Sugar Free Edition 114 mg B Vitamins Juneberry Energy Drink Can (12 fl oz)","Drinks","Energy","3.00","Active","USD"
"15299327","36902681","|611269101713|","|611269101713|","Red Bull Sugar Free 80 mg Caffeine Energy Drink Can (8.4 fl oz)","Drinks","Energy","2.50","Active","USD"
"15299327","36902681","|611269109009|","|611269109009|","Red Bull Sugar Free 80 mg Caffeine Energy Drink Cans (8.4 fl oz x 4 ct)","Drinks","Energy","7.49","Active","USD"
"15299327","36902681","|611269818994|","|611269818994|","Red Bull Original 114 mg Caffeine Energy Drink Can (12 fl oz)","Drinks","Other Drinks","3.00","Active","USD"
"15299327","36902681","|613008735159|","|613008735159|","AriZona Sun Brewed Lemon Flavor Iced Tea Can (23 fl oz)","Drinks","Tea","1.00","Active","USD"
"15299327","36902681","|613008751272|","|613008751272|","AriZona Watermelon Juice Cocktail Bottle (20 fl oz)","Drinks","Juice","1.25","Active","USD"
"15299327","36902681","|613008751302|","|613008751302|","AriZona Fruit Punch Juice Cocktail Tall Boy Bottle (20 fl oz)","Drinks","Juice","1.50","Active","USD"
"15299327","36902681","|613008751333|","|613008751333|","AriZona Mucho Mango Fruit Juice Cocktail Bottle Tall Boy (20 fl oz)","Drinks","Other Drinks","1.25","Active","USD"
"15299327","36902681","|634418523488|","|634418523488|","Albanese World's Best 12 Flavor Gummi Bears (7.5 oz)","Candy","Gummy","3.79","Active","USD"
"15299327","36902681","|070221011116|","|70221011116|","Toblerone Honey & Almond Nougat Milk Chocolate Bar (3.52 oz)","Candy","Fruity","4.00","Active","USD"
"15299327","36902681","|070462004052|","|70462004052|","Swedish Fish Soft & Chewy Tropical Mini Candy (8 oz)","Candy","Gummy","1.89","Active","USD"
"15299327","36902681","|070462008234|","|70462008234|","Sour Patch Kids Soft & Chewy Candy Share Size (12 oz)","Candy","Gummy","6.25","Active","USD"
"15299327","36902681","|070462008241|","|70462008241|","Sour Patch Kids Soft & Chewy Watermelon Candy Share Size (12 oz)","Candy","Fruity","6.25","Active","USD"
"15299327","36902681","|070462008258|","|70462008258|","Swedish Fish Soft & Chewy Mini Candy Share Size (12 oz)","Candy","Gummy","6.25","Active","USD"
"15299327","36902681","|070462010909|","|7046201090|","Sour Patch Kids Soft & Chewy Lemonade Fest Candy Bag (8.02 oz)","Candy","Gummy","1.50","Active","USD"
"15299327","36902681","|070462010916|","|70462010916|","Sour Patch Kids Lemonade Fest Soft & Chewy Candy Bag (3.61 oz)","Candy","Gummy","1.50","Active","USD"
"15299327","36902681","|1326409|","|70462082517|","Sour Patch Kids Soft & Chewy Watermelon Candy (3.5 oz)","Candy","Fruity","1.89","Active","USD"
"15299327","36902681","|070462098365|","|70462098365|","Swedish Fish Assorted Soft & Chewy Candy (3.5 oz)","Candy","Gummy","1.89","Active","USD"
"15299327","36902681","|070462098501|","|70462098501|","Sour Patch Kids Soft & Chewy Sour Then Sweet Candy (2 oz)","Candy","Gummy","1.50","Active","USD"
"15299327","36902681","|070462431230|","|70462431230|","Swedish Fish Soft & Chewy Candy (3.1 oz)","Candy","Gummy","1.89","Active","USD"
"15299327","36902681","|3981197|","|70462542509|","Swedish Fish Regular Chewy Candy (2 oz × 24 ct)","Snacks","Gummy Candy","1.50","Active","USD"
"15299327","36902681","|070847012474|","|70847012474|","Monster Ultra Zero Sugar Energy Drink Can (16 fl oz)","Drinks","Energy","2.99","Active","USD"
"15299327","36902681","|2912097|","|70847612715|","Java Monster Loca Moca Coffee & Energy Drink Can (15 fl oz)","Drinks","Energy","2.99","Active","USD"
"15299327","36902681","|070847811176|","|70847811176|","Monster Original Green Energy Drink Cans (16 fl oz x 4 ct)","Drinks","Other Drinks","12.99","Active","USD"
"15299327","36902681","|070847812517|","|70847812517|","Java Monster Irish Blend Coffee Plus Energy Drink Can (15 fl oz)","Drinks","Energy","2.99","Active","USD"
"15299327","36902681","|070847812609|","|70847812609|","Java Monster Mean Bean Coffee & Energy Drink Can (15 fl oz)","Drinks","Energy","2.99","Active","USD"
"15299327","36902681","|070847812715|","|70847812715|","Java Monster Loca Moca Coffee & Energy Drink Can (15 fl oz)","Drinks","Energy","2.99","Active","USD"
"15299327","36902681","|708478961808|","|70847896180|","Monster Ultra Fantasy Zero Sugar Ruby Red Energy Drink Can (16 fl oz)","Drinks","Energy","2.99","Active","USD"
"15299327","36902681","|070847898146|","|70847898146|","Monster Zero Sugar Ultra Vice Guava Energy Drink Can (16 fl oz)","Drinks","Energy","2.99","Active","USD"
"15299327","36902681","|070847898245|","|70847898245|","Monster Zero Sugar Ultra Hawaiian Blue Energy Drink Can (16 fl oz)","Drinks","Energy","2.99","Active","USD"
"15299327","36902681","|070970475313|","|70970475313|","Hot Tamales Chewy Fierce Cinnamon Flavor Candies (4.25 oz)","Candy","Gummy","1.89","Active","USD"
"15299327","36902681","|070970475412|","|70970475412|","Hot Tamales Chewy Fierce Cinnamon Flavored Candy (0.78 oz)","Candy","Gummy","0.33","Active","USD"
"15299327","36902681","|070970475436|","|70970475436|","Mike and Ike Original Fruits Assorted Flavor Chewy Candy (0.78 oz)","Candy","Fruity","0.33","Active","USD"
"15299327","36902681","|070970475443|","|70970475443|","Mike and Ike Berry Blast Fruit Candy (0.78 oz)","Candy","Fruity","0.33","Active","USD"
"15299327","36902681","|070970475450|","|70970475450|","Mike and Ike Tropical Typhoon Piece Soft Chewy Fruit Candy Box (0.78 oz)","Candy","Fruity","0.33","Active","USD"
"15299327","36902681","|070970475467|","|70970475467|","Mike and Ike Gluten Free Cherry Chewy Candy (0.78 oz)","Candy","Fruity","0.33","Active","USD"
"15299327","36902681","|070970475474|","|70970475474|","Mike and Ike Sour Watermelon Chewy Candy (0.78 oz)","Candy","Fruity","0.33","Active","USD"
"15299327","36902681","|070970475504|","|70970475504|","Mike and Ike Jolly Joes Fat Free Gluten Free Chewy Grape Flavored Candy (0.78 oz)","Candy","Fruity","0.33","Active","USD"
"15299327","36902681","|4539878|","|71570002350|","Gourmet Jelly Beans (7 oz)","Candy","Fruity","4.99","Active","USD"
"15299327","36902681","|071720532935|","|71720532935|","Charleston Chew Vanilla Flavored Mini Nougat (3.5 oz)","Candy","Fruity","1.99","Active","USD"
"15299327","36902681","|3539157|","|71720539446|","Creamy Mints in Pure Chocolate (3.5 oz)","Snacks","Chocolate","1.99","Active","USD"
"15299327","36902681","|00072392628919|","|72392628919|","Starburst Original Freezer Pops (1 oz x 10 ct)","Frozen","Novelty","2.00","Active","USD"
"15299327","36902681","|072799008611|","|72799008611|","Werther's Original Caramel Hard Candies (5.5 oz)","Candy","Hard Candies","3.29","Active","USD"
"15299327","36902681","|072799035938|","|72799035938|","Riesen Chocolate Caramel Chewy Candies(2.65 oz)","Candy","Chocolate","1.99","Active","USD"
"15299327","36902681","|072799056308|","|72799056308|","Mamba Fruit Flavor Mix Chew Candy (3.52 oz)","Candy","Fruity","1.99","Active","USD"
"15299327","36902681","|073390008017|","|73390008017|","AirHeads Assorted Flavors Mini Candy Bars (3.62 oz)","Candy","Fruity","1.75","Active","USD"
"15299327","36902681","|073390008383|","|73390008383|","AirHeads Xtremes Rainbow Berry Sour Candies (2 oz)","Candy","Fruity","1.99","Active","USD"
"15299327","36902681","|073390013035|","|73390013035|","Mentos PureFresh Sugar Free Strawberry Gums (50 ct)","Candy","Gum & Mints","5.25","Active","USD"
"15299327","36902681","|073390014049|","|73390014049|","Mentos Sugar Free Pure Fresh Mint Chewing Gum (50 ct)","Candy","Fruity","5.25","Active","USD"
"15299327","36902681","|073390055172|","|73390055172|","Trident Sugar-Free Tropical Twist Gum (14 ct)","Candy","Gum & Mints","1.89","Active","USD"
"15299327","36902681","|073390055189|","|73390055189|","Trident Sugar-Free Watermelon Twist Gum (14 ct)","Candy","Gum & Mints","1.89","Active","USD"
"15299327","36902681","|7217065|","|73390055257|","Trident Sugar Free Strawberry Chewing Gum (14 ct)","Snacks","Gum & Mints","1.89","Active","USD"
"15299327","36902681","|074570014002|","|74570014002|","Haagen-Dazs Gluten Free Chocolate Ice Cream (14 oz)","Frozen","Ice Cream","6.99","Active","USD"
"15299327","36902681","|074570606863|","|7457060686|","Haagen-Dazs New York Strawberry Cheesecake Ice Cream (14 fl oz)","Frozen","Ice Cream","6.99","Active","USD"
"15299327","36902681","|747599306525|","|747599306525|","Ghirardelli Mint Dark Chocolate Squares Bag (5.32 oz)","Candy","Chocolate","6.99","Active","USD"
"15299327","36902681","|747599416774|","|747599416774|","Ghirardelli Sea Salt Caramel Milk Chocolate Squares Bag (5.3 oz)","Candy","Fruity","6.99","Active","USD"
"15299327","36902681","|00757528005047|","|757528005047|","Takis Fuego Extreme Spicy Chili & Pepper Lime Flavored Rolled Tortilla Chips Bag (1 oz)","Snacks","Chips","0.50","Active","USD"
"15299327","36902681","|076183202050|","|76183202050|","Snapple Fruit Punch Juice Drink Plastic Bottle (20 fl oz)","Drinks","Juice","1.60","Active","USD"
"15299327","36902681","|076677100145|","|76677100145|","Famous Amos Classic Chocolate Chip Cookies Bite Size (2 oz)","Snacks","Cookies","1.00","Active","USD"
"15299327","36902681","|076840002351|","|76840002351|","Ben & Jerry's Gimme S'more! Toasted Marshmallow Ice Cream (1 pt)","Frozen","Ice Cream","6.99","Active","USD"
"15299327","36902681","|076840100811|","|76840100811|","Ben & Jerry's Peanut Butter Ice Cream Cup (1 pt)","Frozen","Ice Cream","6.99","Active","USD"
"15299327","36902681","|076840101184|","|76840101184|","Ben & Jerry's Lightly Roasted Pistachio Ice Cream (1 pt)","Frozen","Ice Cream","6.99","Active","USD"
"15299327","36902681","|076840400072|","|76840400072|","Ben & Jerry's Vanilla Caramel Fudge Ice Cream (1 pt)","Frozen","Ice Cream","6.99","Active","USD"
"15299327","36902681","|6443906|","|76840400218|","Ben & Jerry's Strawberry Cheesecake Ice Cream (16 oz)","Frozen","Ice Cream","6.99","Active","USD"
"15299327","36902681","|076840485116|","|76840485116|","Ben & Jerry's The Tonight Dough Caramel & Chocolate Ice Cream (1 pt)","Frozen","Ice Cream","6.99","Active","USD"
"15299327","36902681","|077975022177|","|77975022177|","Snyder's of Hanover Low Fat Mini Pretzel Snack Pack (1.5 oz)","Snacks","Snack Mixes","0.50","Active","USD"
"15299327","36902681","|078000038835|","|78000038835|","Canada Dry Caffeine Free Fruit Splash Cherry Ginger Ale Cans (12 fl oz x 12 ct)","Drinks","Soda","9.99","Active","USD"
"15299327","36902681","|078000040371|","|78000040371|","Dr Pepper Blackberry Soda Cans (12 fl oz x 12 ct)","Drinks","Soda","9.99","Active","USD"
"15299327","36902681","|078000052169|","|78000052169|","A&W Root Beer Soda Cans (12 fl oz x 12 ct)","Drinks","Soda","9.99","Active","USD"
"15299327","36902681","|078000052404|","|78000052404|","A&W Caffeine Free Root Beer Bottle (20 fl oz)","Drinks","Soda","2.99","Active","USD"
"15299327","36902681","|078000152166|","|78000152166|","Canada Dry Caffeine Free Ginger Ale Cans (12 fl oz x 12 ct)","Drinks","Other Drinks","9.99","Active","USD"
"15299327","36902681","|079200048563|","|79200048563|","Nerds Gummy Clusters Rainbow Candies (3 oz)","Candy","Gummy","2.25","Active","USD"
"15299327","36902681","|079200049058|","|79200049058|","NERDS Rainbow Crunchy & Gummy Clusters Share Pouch (3 oz)","Candy","Gummy","2.25","Active","USD"
"15299327","36902681","|079200060657|","|79200060657|","Nerds Gummy Clusters Candy Very Berry Peg Bag (3 oz)","Candy","Gummy","2.25","Active","USD"
"15299327","36902681","|079200531034|","|79200531034|","SweeTarts Soft & Chewy Cherry Punch Rope Candy (3 oz)","Candy","Gummy","1.99","Active","USD"
"15299327","36902681","|079200599362|","|79200599362|","Laffy Taffy Gone Bananas Candy Bag (3.5 oz)","Candy","Gummy","1.99","Active","USD"
"15299327","36902681","|810030518501|","|810030518501|","Alani Nu Pink Slush Energy Drink Can (12 fl oz)","Drinks","Energy","3.19","Active","USD"
"15299327","36902681","|0810113830018|","|81011383001|","Bodyarmor Super Drink Fruit Punch Sports Drink Bottles (20 fl oz x 6 ct)","Drinks","Sports","1.50","Active","USD"
"15299327","36902681","|4972397|","|810113830018|","Bodyarmor Fruit Punch Sports Drink (20 fl oz)","Drinks","Sports","1.50","Active","USD"
"15299327","36902681","|4799596|","|810113830025|","Bodyarmor Strawberry Banana Sports Drink (20 fl oz)","Drinks","Sports","1.50","Active","USD"
"15299327","36902681","|2187233|","|810113830056|","Bodyarmor Lyte Dragonfruit Berry Sports Drink (20 oz)","Drinks","Sports","1.50","Active","USD"
"15299327","36902681","|9508394|","|811620021951|","Fairlife Core Power Chocolate Protein Milk Shake (14 fl oz)","Drinks","Nutrition & Shakes","3.49","Active","USD"
"15299327","36902681","|813694026672|","|813694026672|","Bai Antioxidant Infused Zambia Bing Cherry Water Beverage Bottle (18 fl oz)","Drinks","Flavored Water","2.75","Active","USD"
"15299327","36902681","|813694026719|","|813694026719|","Bai Antioxidant Infused Molokai Coconut Water Beverage Bottle (18 fl oz)","Drinks","Flavored Water","2.75","Active","USD"
"15299327","36902681","|815154020008|","|815154020008|","NOS Original High Performance Energy Drink Can (16 fl oz)","Drinks","Other Drinks","2.75","Active","USD"
"15299327","36902681","|815154021906|","|815154021906|","Reign Zero Sugar Total Body Fuel Orange Dreamsicle Energy Drink Can (473 ml)","Drinks","Energy","2.75","Active","USD"
"15299327","36902681","|815154025973|","|815154025973|","Reign Sour Gummy Worm Energy Drink Can (16 fl oz)","Drinks","Energy","2.75","Active","USD"
"15299327","36902681","|815154026772|","|815154026772|","Reign Total Body Fuel White Haze Energy Drink Can (16 fl oz)","Drinks","Energy","2.75","Active","USD"
"15299327","36902681","|8899689|","|842595106596|","Cellucor Zero Sugar Frozen Bombsicle Energy Drink Can (473 ml × 12 ct)","Drinks & Mixers","Energy Drinks","2.99","Active","USD"
"15299327","36902681","|842595121759|","|842595121759|","C4 Performance Energy Zero Sugar Strawberry Blast Energy Drink Can (16 fl oz)","Drinks","Energy","3.19","Active","USD"
"15299327","36902681","|842595135084|","|842595135084|","Bloom Nutrition Raspberry Lemon Sparkling Energy Drink Can (12 fl oz)","Drinks","Energy","2.99","Active","USD"
"15299327","36902681","|842595135091|","|842595135091|","Bloom Zero Sugar Nutrition Sparkling Strawberry Watermelon Flavor Energy Drink Can (12 fl oz)","Drinks","Energy","2.99","Active","USD"
"15299327","36902681","|850017589377|","|850017589377|","Hi-Chew Grape and Strawberry Candy (1.94 oz)","Candy","Fruity","1.99","Active","USD"
"15299327","36902681","|850017589384|","|850017589384|","Hi-Chew Fruity Chewy Candy Green Apple and Mango (1.94 oz)","Candy","Fruity","1.99","Active","USD"
"15299327","36902681","|1061976|","|850070015028|","Hi-Chew Imensely Fruity Candy (1.94 oz)","Snacks","Gummy Candy","1.99","Active","USD"
"15299327","36902681","|850645008363|","|850645008363|","Alani Nu Orange Kiss Energy Drink Can (12 fl oz)","Drinks","Energy","3.19","Active","USD"
"15299327","36902681","|853004004952|","|853004004952|","Core Hydration Perfectly Balanced Nutrient Enhanced Water Sport Cap Bottle (23.9 fl oz)","Drinks","Still Water","2.29","Active","USD"
"15299327","36902681","|086600707778|","|86600707778|","Bumble Bee Snack On The Run Original Tuna Salad & Crackers (3.5 oz)","Snacks","Snack Mixes","2.15","Active","USD"
"15299327","36902681","|883990651205|","|883990651205|","Good2Grow No Sugar Added 100% Fruit Punch Juice Bottle (6 fl oz)","Drinks","Juice","4.25","Active","USD"
"15299327","36902681","|889392001723|","|889392001723|","Celsius Zero Sugar Live Fit Sparkling Sherbet Slush Energy Drink Can (12 fl oz)","Drinks","Energy","2.99","Active","USD"
"15299327","36902681","|889392010190|","|889392010190|","Celsius Live Fit Vibe White Peach Edition Sparkling Energy Drink Can (12 fl oz)","Drinks","Energy","2.99","Active","USD"
"15299327","36902681","|889392021394|","|889392021394|","Celsius Zero Sugar Tropical Vibe Edition Sparkling Starfruit Pineapple Energy Drink Can (12 fl oz)","Drinks","Energy","2.99","Active","USD"
"15299327","36902681","|009800007615|","|9800007615|","Tic Tac On-the-go Freshmint Breath Mints (1 oz)","Candy","Gum & Mints","1.46","Active","USD"
"15299327","36902681","|00009800125623|","|9800125623|","Ferrero Rocher Hazelnut White Chocolate Squares (3.7 oz)","Candy","Chocolate","6.99","Active","USD"
"15299327","36902681","|00009800125630|","|9800125630|","Ferrero Rocher Hazelnut Milk Chocolate Squares (3.7 oz)","Candy","Chocolate","6.99","Active","USD"
"15299327","36902681","|00009800125647|","|9800125647|","Ferrero Rocher Caramel Hazelnut Milk Chocolate Squares (3.7 oz)","Candy","Chocolate","6.99","Active","USD"
"15299327","36902681","|7328809|","|9800800056|","Nutella & Go Hazelnut Spread Breadsticks (1.8 oz × 6 ct)","Snacks","Snack Mixes","2.25","Active","USD"
"15299327","36902681","|099900100873|","|99900100873|","Butterfinger Crispety Crunchety Peanut-Buttery! Chocolatey Candy Bar Full Size (1.9 oz)","Candy","Chocolate","1.99","Active","USD"
"15299327","36902681","|2709866|","|99900694235|","100 Grand Chocolate Bar (1.5 oz × 36 ct)","Candy","Chocolate","1.99","Active","USD"
"15299327","36902681","|099900722730|","|99900722730|","Raisinets California Milk Chocolate Covered Raisins Candy Box (3.1 oz)","Candy","Fruity","1.99","Active","USD"
"15299327","36902681","|099900723515|","|99900723515|","Butterfinger Crispety, Crunchety, Peanut-Buttery Gluten Free Unwrapped Mini Candy Bars (2.8 oz)","Candy","Chocolate","1.99","Active","USD"
"15299327","36902681","|099900761425|","|99900761425|","Baby Ruth Minis Candy Bar Bag (2.8 oz)","Candy","Chocolate","1.99","Active","USD"
